"name","categoryId","categoryName"
"Mardin M523G","cmmlge0b200019gu54iznydxb","Classic"
"Mardin M523F","cmmlge0b200019gu54iznydxb","Classic"
"Mardin M509G","cmmlge0b200019gu54iznydxb","Classic"
"Mardin M509F","cmmlge0b200019gu54iznydxb","Classic"
"Mardin M509C","cmmlge0b200019gu54iznydxb","Classic"
"Mardin M508G","cmmlge0b200019gu54iznydxb","Classic"
"Mardin M507G","cmmlge0b200019gu54iznydxb","Classic"
"Mardin M506H","cmmlge0b200019gu54iznydxb","Classic"
"Mardin M505C","cmmlge0b200019gu54iznydxb","Classic"
"Mardin M504G","cmmlge0b200019gu54iznydxb","Classic"
"Mardin M504C","cmmlge0b200019gu54iznydxb","Classic"
"Mardin M503G","cmmlge0b200019gu54iznydxb","Classic"
"Mardin M503E","cmmlge0b200019gu54iznydxb","Classic"
"Mardin M502C","cmmlge0b200019gu54iznydxb","Classic"
"Mardin M501G","cmmlge0b200019gu54iznydxb","Classic"
"Mardin M501F","cmmlge0b200019gu54iznydxb","Classic"
"Zeugma Z054J","cmmlge0bi00059gu5wwfbf6wa","Oriental"
"Zeugma Z054G","cmmlge0bi00059gu5wwfbf6wa","Oriental"
"Zeugma Z054F","cmmlge0bi00059gu5wwfbf6wa","Oriental"
"Zeugma Z054E","cmmlge0bi00059gu5wwfbf6wa","Oriental"
"Zeugma Z054C","cmmlge0bi00059gu5wwfbf6wa","Oriental"
"Zeugma Z054A","cmmlge0bi00059gu5wwfbf6wa","Oriental"
"Zeugma Z053J","cmmlge0bi00059gu5wwfbf6wa","Oriental"
"Zeugma Z053G","cmmlge0bi00059gu5wwfbf6wa","Oriental"
"Zeugma Z053F","cmmlge0bi00059gu5wwfbf6wa","Oriental"
"Zeugma Z053E","cmmlge0bi00059gu5wwfbf6wa","Oriental"
"Zeugma Z053C","cmmlge0bi00059gu5wwfbf6wa","Oriental"
"Zeugma Z053A","cmmlge0bi00059gu5wwfbf6wa","Oriental"
"Zeugma Z052J","cmmlge0bi00059gu5wwfbf6wa","Oriental"
"Zeugma Z052G","cmmlge0bi00059gu5wwfbf6wa","Oriental"
"Zeugma Z052F","cmmlge0bi00059gu5wwfbf6wa","Oriental"
"Zeugma Z052E","cmmlge0bi00059gu5wwfbf6wa","Oriental"
"Zeugma Z052C","cmmlge0bi00059gu5wwfbf6wa","Oriental"
"Zeugma Z051J","cmmlge0bi00059gu5wwfbf6wa","Oriental"
"Zeugma Z051G","cmmlge0bi00059gu5wwfbf6wa","Oriental"
"Zeugma Z051F","cmmlge0bi00059gu5wwfbf6wa","Oriental"
"Zeugma Z051E","cmmlge0bi00059gu5wwfbf6wa","Oriental"
"Zeugma Z051C","cmmlge0bi00059gu5wwfbf6wa","Oriental"
"Zeugma Z051A","cmmlge0bi00059gu5wwfbf6wa","Oriental"
"Zeugma Z050J","cmmlge0bi00059gu5wwfbf6wa","Oriental"
"Zeugma Z050I","cmmlge0bi00059gu5wwfbf6wa","Oriental"
"Zeugma Z050H","cmmlge0bi00059gu5wwfbf6wa","Oriental"
"Zeugma Z050F","cmmlge0bi00059gu5wwfbf6wa","Oriental"
"Zeugma Z050E","cmmlge0bi00059gu5wwfbf6wa","Oriental"
"Zeugma Z050C","cmmlge0bi00059gu5wwfbf6wa","Oriental"
"Zeugma Z050A","cmmlge0bi00059gu5wwfbf6wa","Oriental"
"Zeugma Z049K","cmmlge0bi00059gu5wwfbf6wa","Oriental"
"Zeugma Z049I","cmmlge0bi00059gu5wwfbf6wa","Oriental"
"Zeugma Z049G","cmmlge0bi00059gu5wwfbf6wa","Oriental"
"Zeugma Z049F","cmmlge0bi00059gu5wwfbf6wa","Oriental"
"Zeugma Z049C","cmmlge0bi00059gu5wwfbf6wa","Oriental"
"Zeugma Z049A","cmmlge0bi00059gu5wwfbf6wa","Oriental"
"Zeugma Z048K","cmmlge0bi00059gu5wwfbf6wa","Oriental"
"Zeugma Z048I","cmmlge0bi00059gu5wwfbf6wa","Oriental"
"Zeugma Z048G","cmmlge0bi00059gu5wwfbf6wa","Oriental"
"Zeugma Z048F","cmmlge0bi00059gu5wwfbf6wa","Oriental"
"Zeugma Z048E","cmmlge0bi00059gu5wwfbf6wa","Oriental"
"Zeugma Z048C","cmmlge0bi00059gu5wwfbf6wa","Oriental"
"Zeugma Z048A","cmmlge0bi00059gu5wwfbf6wa","Oriental"
"Zeugma Z047K","cmmlge0bi00059gu5wwfbf6wa","Oriental"
"Zeugma Z047I","cmmlge0bi00059gu5wwfbf6wa","Oriental"
"Zeugma Z047G","cmmlge0bi00059gu5wwfbf6wa","Oriental"
"Zeugma Z047F","cmmlge0bi00059gu5wwfbf6wa","Oriental"
"Zeugma Z047C","cmmlge0bi00059gu5wwfbf6wa","Oriental"
"Zeugma Z047A","cmmlge0bi00059gu5wwfbf6wa","Oriental"
"Zeugma Z046I","cmmlge0bi00059gu5wwfbf6wa","Oriental"
"Zeugma Z046H","cmmlge0bi00059gu5wwfbf6wa","Oriental"
"Zeugma Z046G","cmmlge0bi00059gu5wwfbf6wa","Oriental"
"Zeugma Z046F","cmmlge0bi00059gu5wwfbf6wa","Oriental"
"Zeugma Z046E","cmmlge0bi00059gu5wwfbf6wa","Oriental"
"Zeugma Z046C","cmmlge0bi00059gu5wwfbf6wa","Oriental"
"Zeugma Z046A","cmmlge0bi00059gu5wwfbf6wa","Oriental"
"Zeugma Z045L","cmmlge0bi00059gu5wwfbf6wa","Oriental"
"Zeugma Z045I","cmmlge0bi00059gu5wwfbf6wa","Oriental"
"Zeugma Z045G","cmmlge0bi00059gu5wwfbf6wa","Oriental"
"Zeugma Z045F","cmmlge0bi00059gu5wwfbf6wa","Oriental"
"Zeugma Z045E","cmmlge0bi00059gu5wwfbf6wa","Oriental"
"Zeugma Z045C","cmmlge0bi00059gu5wwfbf6wa","Oriental"
"Zeugma Z045A","cmmlge0bi00059gu5wwfbf6wa","Oriental"
"Zeugma Z044G","cmmlge0bi00059gu5wwfbf6wa","Oriental"
"Zeugma Z044E","cmmlge0bi00059gu5wwfbf6wa","Oriental"
"Zeugma Z044C","cmmlge0bi00059gu5wwfbf6wa","Oriental"
"Zeugma Z043L","cmmlge0bi00059gu5wwfbf6wa","Oriental"
"Zeugma Z043I","cmmlge0bi00059gu5wwfbf6wa","Oriental"
"Zeugma Z043G","cmmlge0bi00059gu5wwfbf6wa","Oriental"
"Zeugma Z043F","cmmlge0bi00059gu5wwfbf6wa","Oriental"
"Zeugma Z043E","cmmlge0bi00059gu5wwfbf6wa","Oriental"
"Zeugma Z043C","cmmlge0bi00059gu5wwfbf6wa","Oriental"
"Zeugma Z043A","cmmlge0bi00059gu5wwfbf6wa","Oriental"
"Zeugma Z042G","cmmlge0bi00059gu5wwfbf6wa","Oriental"
"Zeugma Z042F","cmmlge0bi00059gu5wwfbf6wa","Oriental"
"Zeugma Z042E","cmmlge0bi00059gu5wwfbf6wa","Oriental"
"Zeugma Z042C","cmmlge0bi00059gu5wwfbf6wa","Oriental"
"Zeugma Z042A","cmmlge0bi00059gu5wwfbf6wa","Oriental"
"Zeugma Z041I","cmmlge0bi00059gu5wwfbf6wa","Oriental"
"Zeugma Z041H","cmmlge0bi00059gu5wwfbf6wa","Oriental"
"Zeugma Z041G","cmmlge0bi00059gu5wwfbf6wa","Oriental"
"Zeugma Z041F","cmmlge0bi00059gu5wwfbf6wa","Oriental"
"Zeugma Z041C","cmmlge0bi00059gu5wwfbf6wa","Oriental"
"Zeugma Z041A","cmmlge0bi00059gu5wwfbf6wa","Oriental"
"Zeugma Z040I","cmmlge0bi00059gu5wwfbf6wa","Oriental"
"Zeugma Z040G","cmmlge0bi00059gu5wwfbf6wa","Oriental"
"Zeugma Z040F","cmmlge0bi00059gu5wwfbf6wa","Oriental"
"Zeugma Z040E","cmmlge0bi00059gu5wwfbf6wa","Oriental"
"Zeugma Z040C","cmmlge0bi00059gu5wwfbf6wa","Oriental"
"Zeugma Z040A","cmmlge0bi00059gu5wwfbf6wa","Oriental"
"Zeugma Z037L","cmmlge0bi00059gu5wwfbf6wa","Oriental"
"Zeugma Z037I","cmmlge0bi00059gu5wwfbf6wa","Oriental"
"Zeugma Z037H","cmmlge0bi00059gu5wwfbf6wa","Oriental"
"Zeugma Z037G","cmmlge0bi00059gu5wwfbf6wa","Oriental"
"Zeugma Z037F","cmmlge0bi00059gu5wwfbf6wa","Oriental"
"Zeugma Z037E","cmmlge0bi00059gu5wwfbf6wa","Oriental"
"Zeugma Z037C","cmmlge0bi00059gu5wwfbf6wa","Oriental"
"Zeugma Z037A","cmmlge0bi00059gu5wwfbf6wa","Oriental"
"Zeugma Z036N","cmmlge0bi00059gu5wwfbf6wa","Oriental"
"Zeugma Z036L","cmmlge0bi00059gu5wwfbf6wa","Oriental"
"Zeugma Z036K","cmmlge0bi00059gu5wwfbf6wa","Oriental"
"Zeugma Z036H","cmmlge0bi00059gu5wwfbf6wa","Oriental"
"Zeugma Z036G","cmmlge0bi00059gu5wwfbf6wa","Oriental"
"Zeugma Z036F","cmmlge0bi00059gu5wwfbf6wa","Oriental"
"Zeugma Z036E","cmmlge0bi00059gu5wwfbf6wa","Oriental"
"Zeugma Z036C","cmmlge0bi00059gu5wwfbf6wa","Oriental"
"Zeugma Z036B","cmmlge0bi00059gu5wwfbf6wa","Oriental"
"Zeugma Z036A","cmmlge0bi00059gu5wwfbf6wa","Oriental"
"Zeugma Z021L","cmmlge0bi00059gu5wwfbf6wa","Oriental"
"Zeugma Z021J","cmmlge0bi00059gu5wwfbf6wa","Oriental"
"Zeugma Z021I","cmmlge0bi00059gu5wwfbf6wa","Oriental"
"Zeugma Z021H","cmmlge0bi00059gu5wwfbf6wa","Oriental"
"Zeugma Z021G","cmmlge0bi00059gu5wwfbf6wa","Oriental"
"Zeugma Z021F","cmmlge0bi00059gu5wwfbf6wa","Oriental"
"Zeugma Z021E","cmmlge0bi00059gu5wwfbf6wa","Oriental"
"Zeugma Z021D","cmmlge0bi00059gu5wwfbf6wa","Oriental"
"Zeugma Z021C","cmmlge0bi00059gu5wwfbf6wa","Oriental"
"Zeugma Z021A","cmmlge0bi00059gu5wwfbf6wa","Oriental"
"Zeugma Z020L","cmmlge0bi00059gu5wwfbf6wa","Oriental"
"Zeugma Z020K","cmmlge0bi00059gu5wwfbf6wa","Oriental"
"Zeugma Z020I","cmmlge0bi00059gu5wwfbf6wa","Oriental"
"Zeugma Z020G","cmmlge0bi00059gu5wwfbf6wa","Oriental"
"Zeugma Z020F","cmmlge0bi00059gu5wwfbf6wa","Oriental"
"Zeugma Z020E","cmmlge0bi00059gu5wwfbf6wa","Oriental"
"Zeugma Z020C","cmmlge0bi00059gu5wwfbf6wa","Oriental"
"Zeugma Z020A","cmmlge0bi00059gu5wwfbf6wa","Oriental"
"Zeugma Z019L","cmmlge0bi00059gu5wwfbf6wa","Oriental"
"Zeugma Z019I","cmmlge0bi00059gu5wwfbf6wa","Oriental"
"Zeugma Z019G","cmmlge0bi00059gu5wwfbf6wa","Oriental"
"Zenit Z393K","cmmlge0bb00039gu5zhlhrwq4","Modern"
"Zenit Z393I","cmmlge0bb00039gu5zhlhrwq4","Modern"
"Zenit Z393G","cmmlge0bb00039gu5zhlhrwq4","Modern"
"Zenit Z393F","cmmlge0bb00039gu5zhlhrwq4","Modern"
"Zenit Z393E","cmmlge0bb00039gu5zhlhrwq4","Modern"
"Zenit Z393C","cmmlge0bb00039gu5zhlhrwq4","Modern"
"Zenit Z393A","cmmlge0bb00039gu5zhlhrwq4","Modern"
"Zenit Z392K","cmmlge0bb00039gu5zhlhrwq4","Modern"
"Zenit Z392I","cmmlge0bb00039gu5zhlhrwq4","Modern"
"Zenit Z392G","cmmlge0bb00039gu5zhlhrwq4","Modern"
"Zenit Z392F","cmmlge0bb00039gu5zhlhrwq4","Modern"
"Zenit Z392E","cmmlge0bb00039gu5zhlhrwq4","Modern"
"Zenit Z392C","cmmlge0bb00039gu5zhlhrwq4","Modern"
"Zenit Z392A","cmmlge0bb00039gu5zhlhrwq4","Modern"
"Zenit Z389K","cmmlge0bb00039gu5zhlhrwq4","Modern"
"Zenit Z389H","cmmlge0bb00039gu5zhlhrwq4","Modern"
"Zenit Z389G","cmmlge0bb00039gu5zhlhrwq4","Modern"
"Zenit Z389F","cmmlge0bb00039gu5zhlhrwq4","Modern"
"Zenit Z389E","cmmlge0bb00039gu5zhlhrwq4","Modern"
"Zenit Z389C","cmmlge0bb00039gu5zhlhrwq4","Modern"
"Zenit Z388K","cmmlge0bb00039gu5zhlhrwq4","Modern"
"Zenit Z388H","cmmlge0bb00039gu5zhlhrwq4","Modern"
"Zenit Z388G","cmmlge0bb00039gu5zhlhrwq4","Modern"
"Zenit Z388F","cmmlge0bb00039gu5zhlhrwq4","Modern"
"Zenit Z388E","cmmlge0bb00039gu5zhlhrwq4","Modern"
"Zenit Z388C","cmmlge0bb00039gu5zhlhrwq4","Modern"
"Zenit Z388A","cmmlge0bb00039gu5zhlhrwq4","Modern"
"Zenit Z380Y","cmmlge0bb00039gu5zhlhrwq4","Modern"
"Zenit Z380H","cmmlge0bb00039gu5zhlhrwq4","Modern"
"Zenit Z379Y","cmmlge0bb00039gu5zhlhrwq4","Modern"
"Zenit Z379H","cmmlge0bb00039gu5zhlhrwq4","Modern"
"Zenit Z378H","cmmlge0bb00039gu5zhlhrwq4","Modern"
"Zenit Z374G","cmmlge0bb00039gu5zhlhrwq4","Modern"
"Zenit Z374F","cmmlge0bb00039gu5zhlhrwq4","Modern"
"Zenit Z374C","cmmlge0bb00039gu5zhlhrwq4","Modern"
"Zenit Z373G","cmmlge0bb00039gu5zhlhrwq4","Modern"
"Zenit Z373F","cmmlge0bb00039gu5zhlhrwq4","Modern"
"Zenit Z372E","cmmlge0bb00039gu5zhlhrwq4","Modern"
"Zenit Z371Y","cmmlge0bb00039gu5zhlhrwq4","Modern"
"Zenit Z371H","cmmlge0bb00039gu5zhlhrwq4","Modern"
"Zenit Z370I","cmmlge0bb00039gu5zhlhrwq4","Modern"
"Zenit Z370G","cmmlge0bb00039gu5zhlhrwq4","Modern"
"Zenit Z370F","cmmlge0bb00039gu5zhlhrwq4","Modern"
"Zenit Z370E","cmmlge0bb00039gu5zhlhrwq4","Modern"
"Zenit Z370C","cmmlge0bb00039gu5zhlhrwq4","Modern"
"Zenit Z370A","cmmlge0bb00039gu5zhlhrwq4","Modern"
"Zenit Z369I","cmmlge0bb00039gu5zhlhrwq4","Modern"
"Zenit Z369G","cmmlge0bb00039gu5zhlhrwq4","Modern"
"Zenit Z369F","cmmlge0bb00039gu5zhlhrwq4","Modern"
"Zenit Z369E","cmmlge0bb00039gu5zhlhrwq4","Modern"
"Zenit Z369C","cmmlge0bb00039gu5zhlhrwq4","Modern"
"Zenit Z369A","cmmlge0bb00039gu5zhlhrwq4","Modern"
"Zenit Z368L","cmmlge0bb00039gu5zhlhrwq4","Modern"
"Zenit Z368I","cmmlge0bb00039gu5zhlhrwq4","Modern"
"Zenit Z368G","cmmlge0bb00039gu5zhlhrwq4","Modern"
"Zenit Z368F","cmmlge0bb00039gu5zhlhrwq4","Modern"
"Zenit Z368E","cmmlge0bb00039gu5zhlhrwq4","Modern"
"Zenit Z368C","cmmlge0bb00039gu5zhlhrwq4","Modern"
"Zenit Z368A","cmmlge0bb00039gu5zhlhrwq4","Modern"
"Zenit Z367G","cmmlge0bb00039gu5zhlhrwq4","Modern"
"Zenit Z367F","cmmlge0bb00039gu5zhlhrwq4","Modern"
"Zenit Z367E","cmmlge0bb00039gu5zhlhrwq4","Modern"
"Zenit Z367C","cmmlge0bb00039gu5zhlhrwq4","Modern"
"Zenit Z367A","cmmlge0bb00039gu5zhlhrwq4","Modern"
"Zenit Z366G","cmmlge0bb00039gu5zhlhrwq4","Modern"
"Zenit Z366E","cmmlge0bb00039gu5zhlhrwq4","Modern"
"Zenit Z366C","cmmlge0bb00039gu5zhlhrwq4","Modern"
"Zenit Z365I","cmmlge0bb00039gu5zhlhrwq4","Modern"
"Zenit Z365G","cmmlge0bb00039gu5zhlhrwq4","Modern"
"Zenit Z365F","cmmlge0bb00039gu5zhlhrwq4","Modern"
"Zenit Z365E","cmmlge0bb00039gu5zhlhrwq4","Modern"
"Zenit Z365C","cmmlge0bb00039gu5zhlhrwq4","Modern"
"Zenit Z365A","cmmlge0bb00039gu5zhlhrwq4","Modern"
"Zenit Z364F","cmmlge0bb00039gu5zhlhrwq4","Modern"
"Zenit Z364C","cmmlge0bb00039gu5zhlhrwq4","Modern"
"Zenit Z362H","cmmlge0bb00039gu5zhlhrwq4","Modern"
"Zenit Z361Y","cmmlge0bb00039gu5zhlhrwq4","Modern"
"Zenit Z361H","cmmlge0bb00039gu5zhlhrwq4","Modern"
"Zenit Z359G","cmmlge0bb00039gu5zhlhrwq4","Modern"
"Zenit Z357H","cmmlge0bb00039gu5zhlhrwq4","Modern"
"Zenit Z356Y","cmmlge0bb00039gu5zhlhrwq4","Modern"
"Zenit Z356H","cmmlge0bb00039gu5zhlhrwq4","Modern"
"Zenit Z355H","cmmlge0bb00039gu5zhlhrwq4","Modern"
"Zenit Z354Y","cmmlge0bb00039gu5zhlhrwq4","Modern"
"Zenit Z354L","cmmlge0bb00039gu5zhlhrwq4","Modern"
"Zenit Z354H","cmmlge0bb00039gu5zhlhrwq4","Modern"
"Zenit Z353H","cmmlge0bb00039gu5zhlhrwq4","Modern"
"Zenit Z352H","cmmlge0bb00039gu5zhlhrwq4","Modern"
"Zenit Z350Y","cmmlge0bb00039gu5zhlhrwq4","Modern"
"Zenit Z350H","cmmlge0bb00039gu5zhlhrwq4","Modern"
"Zenit Z349H","cmmlge0bb00039gu5zhlhrwq4","Modern"
"Zenit Z348Y","cmmlge0bb00039gu5zhlhrwq4","Modern"
"Zenit Z348H","cmmlge0bb00039gu5zhlhrwq4","Modern"
"Zenit Z347Y","cmmlge0bb00039gu5zhlhrwq4","Modern"
"Zenit Z347H","cmmlge0bb00039gu5zhlhrwq4","Modern"
"Zenit Z346H","cmmlge0bb00039gu5zhlhrwq4","Modern"
"Zenit Z345F","cmmlge0bb00039gu5zhlhrwq4","Modern"
"Zenit Z344K","cmmlge0bb00039gu5zhlhrwq4","Modern"
"Zenit Z344I","cmmlge0bb00039gu5zhlhrwq4","Modern"
"Zenit Z344G","cmmlge0bb00039gu5zhlhrwq4","Modern"
"Zenit Z343I","cmmlge0bb00039gu5zhlhrwq4","Modern"
"Zenit Z343H","cmmlge0bb00039gu5zhlhrwq4","Modern"
"Zenit Z343G","cmmlge0bb00039gu5zhlhrwq4","Modern"
"Zenit Z343F","cmmlge0bb00039gu5zhlhrwq4","Modern"
"Zenit Z343C","cmmlge0bb00039gu5zhlhrwq4","Modern"
"Zenit Z343A","cmmlge0bb00039gu5zhlhrwq4","Modern"
"Zenit Z342K","cmmlge0bb00039gu5zhlhrwq4","Modern"
"Zenit Z342I","cmmlge0bb00039gu5zhlhrwq4","Modern"
"Zenit Z342G","cmmlge0bb00039gu5zhlhrwq4","Modern"
"Zenit Z342F","cmmlge0bb00039gu5zhlhrwq4","Modern"
"Zenit Z342C","cmmlge0bb00039gu5zhlhrwq4","Modern"
"Zenit Z342A","cmmlge0bb00039gu5zhlhrwq4","Modern"
"Zenit Z341I","cmmlge0bb00039gu5zhlhrwq4","Modern"
"Zenit Z341H","cmmlge0bb00039gu5zhlhrwq4","Modern"
"Verona L043A","cmmlge0b200019gu54iznydxb","Classic"
"Verona L042A","cmmlge0b200019gu54iznydxb","Classic"
"Verona L041G","cmmlge0b200019gu54iznydxb","Classic"
"Verona L035D","cmmlge0b200019gu54iznydxb","Classic"
"Verona L029C","cmmlge0b200019gu54iznydxb","Classic"
"Verona L028C","cmmlge0b200019gu54iznydxb","Classic"
"Verona L027C","cmmlge0b200019gu54iznydxb","Classic"
"Verona L027A","cmmlge0b200019gu54iznydxb","Classic"
"Verona L026D","cmmlge0b200019gu54iznydxb","Classic"
"Verona L025A","cmmlge0b200019gu54iznydxb","Classic"
"Verona L024A","cmmlge0b200019gu54iznydxb","Classic"
"Verona L023G","cmmlge0b200019gu54iznydxb","Classic"
"Verona L023D","cmmlge0b200019gu54iznydxb","Classic"
"Verona L023A","cmmlge0b200019gu54iznydxb","Classic"
"Verona L022X","cmmlge0b200019gu54iznydxb","Classic"
"Verona L022H","cmmlge0b200019gu54iznydxb","Classic"
"Verona L022D","cmmlge0b200019gu54iznydxb","Classic"
"Verona L022C","cmmlge0b200019gu54iznydxb","Classic"
"Verona L022B","cmmlge0b200019gu54iznydxb","Classic"
"Verona L020B","cmmlge0b200019gu54iznydxb","Classic"
"Verona L020A","cmmlge0b200019gu54iznydxb","Classic"
"Verona L019G","cmmlge0b200019gu54iznydxb","Classic"
"Verona L019D","cmmlge0b200019gu54iznydxb","Classic"
"Verona L019C","cmmlge0b200019gu54iznydxb","Classic"
"Verona L018X","cmmlge0b200019gu54iznydxb","Classic"
"Verona L018L","cmmlge0b200019gu54iznydxb","Classic"
"Verona L018K","cmmlge0b200019gu54iznydxb","Classic"
"Verona L018H","cmmlge0b200019gu54iznydxb","Classic"
"Verona L018G","cmmlge0b200019gu54iznydxb","Classic"
"Verona L018D","cmmlge0b200019gu54iznydxb","Classic"
"Verona L018C","cmmlge0b200019gu54iznydxb","Classic"
"Verona L018A","cmmlge0b200019gu54iznydxb","Classic"
"Verona L017M","cmmlge0b200019gu54iznydxb","Classic"
"Verona L017K","cmmlge0b200019gu54iznydxb","Classic"
"Verona L017G","cmmlge0b200019gu54iznydxb","Classic"
"Verona L017D","cmmlge0b200019gu54iznydxb","Classic"
"Verona L017C","cmmlge0b200019gu54iznydxb","Classic"
"Verona L017A","cmmlge0b200019gu54iznydxb","Classic"
"Verona L015D","cmmlge0b200019gu54iznydxb","Classic"
"Verona L015C","cmmlge0b200019gu54iznydxb","Classic"
"Verona L015A","cmmlge0b200019gu54iznydxb","Classic"
"Verona L014X","cmmlge0b200019gu54iznydxb","Classic"
"Verona L014M","cmmlge0b200019gu54iznydxb","Classic"
"Verona L014K","cmmlge0b200019gu54iznydxb","Classic"
"Verona L014G","cmmlge0b200019gu54iznydxb","Classic"
"Trio R119F","cmmlge0bb00039gu5zhlhrwq4","Modern"
"Trio R115F","cmmlge0bb00039gu5zhlhrwq4","Modern"
"Trio R114F","cmmlge0bb00039gu5zhlhrwq4","Modern"
"Trio R113F","cmmlge0bb00039gu5zhlhrwq4","Modern"
"Trio R113E","cmmlge0bb00039gu5zhlhrwq4","Modern"
"Trio R112F","cmmlge0bb00039gu5zhlhrwq4","Modern"
"Trio R112E","cmmlge0bb00039gu5zhlhrwq4","Modern"
"Trio R111F","cmmlge0bb00039gu5zhlhrwq4","Modern"
"Trio R111E","cmmlge0bb00039gu5zhlhrwq4","Modern"
"Trio R110F","cmmlge0bb00039gu5zhlhrwq4","Modern"
"Trio R110E","cmmlge0bb00039gu5zhlhrwq4","Modern"
"Trio R109F","cmmlge0bb00039gu5zhlhrwq4","Modern"
"Trio R109E","cmmlge0bb00039gu5zhlhrwq4","Modern"
"Trio R108F","cmmlge0bb00039gu5zhlhrwq4","Modern"
"Trio R108E","cmmlge0bb00039gu5zhlhrwq4","Modern"
"Trio R107F","cmmlge0bb00039gu5zhlhrwq4","Modern"
"Trio R107E","cmmlge0bb00039gu5zhlhrwq4","Modern"
"Trio R106F","cmmlge0bb00039gu5zhlhrwq4","Modern"
"Trio R106E","cmmlge0bb00039gu5zhlhrwq4","Modern"
"Trio R105Y","cmmlge0bb00039gu5zhlhrwq4","Modern"
"Trio R105J","cmmlge0bb00039gu5zhlhrwq4","Modern"
"Trio R105H","cmmlge0bb00039gu5zhlhrwq4","Modern"
"Trio R105G","cmmlge0bb00039gu5zhlhrwq4","Modern"
"Trio R105F","cmmlge0bb00039gu5zhlhrwq4","Modern"
"Trio R105E","cmmlge0bb00039gu5zhlhrwq4","Modern"
"Trio R104F","cmmlge0bb00039gu5zhlhrwq4","Modern"
"Trio R104E","cmmlge0bb00039gu5zhlhrwq4","Modern"
"Touch T376R","cmmlge0bb00039gu5zhlhrwq4","Modern"
"Touch T376D","cmmlge0bb00039gu5zhlhrwq4","Modern"
"Touch T376B","cmmlge0bb00039gu5zhlhrwq4","Modern"
"Touch T376A","cmmlge0bb00039gu5zhlhrwq4","Modern"
"Touch T375R","cmmlge0bb00039gu5zhlhrwq4","Modern"
"Touch T375D","cmmlge0bb00039gu5zhlhrwq4","Modern"
"Touch T375B","cmmlge0bb00039gu5zhlhrwq4","Modern"
"Touch T375A","cmmlge0bb00039gu5zhlhrwq4","Modern"
"Touch T373R","cmmlge0bb00039gu5zhlhrwq4","Modern"
"Touch T373D","cmmlge0bb00039gu5zhlhrwq4","Modern"
"Touch T373B","cmmlge0bb00039gu5zhlhrwq4","Modern"
"Touch T373A","cmmlge0bb00039gu5zhlhrwq4","Modern"
"Touch T372R","cmmlge0bb00039gu5zhlhrwq4","Modern"
"Touch T372I","cmmlge0bb00039gu5zhlhrwq4","Modern"
"Touch T371Y","cmmlge0bb00039gu5zhlhrwq4","Modern"
"Touch T370Y","cmmlge0bb00039gu5zhlhrwq4","Modern"
"Touch T369Y","cmmlge0bb00039gu5zhlhrwq4","Modern"
"Touch T368Y","cmmlge0bb00039gu5zhlhrwq4","Modern"
"Touch T368R","cmmlge0bb00039gu5zhlhrwq4","Modern"
"Touch T367Y","cmmlge0bb00039gu5zhlhrwq4","Modern"
"Touch T366Y","cmmlge0bb00039gu5zhlhrwq4","Modern"
"Touch T365Y","cmmlge0bb00039gu5zhlhrwq4","Modern"
"Touch T365R","cmmlge0bb00039gu5zhlhrwq4","Modern"
"Touch T364Y","cmmlge0bb00039gu5zhlhrwq4","Modern"
"Touch T363Y","cmmlge0bb00039gu5zhlhrwq4","Modern"
"Touch T362Y","cmmlge0bb00039gu5zhlhrwq4","Modern"
"Touch T361R","cmmlge0bb00039gu5zhlhrwq4","Modern"
"Touch T360R","cmmlge0bb00039gu5zhlhrwq4","Modern"
"Touch T359R","cmmlge0bb00039gu5zhlhrwq4","Modern"
"Touch T358R","cmmlge0bb00039gu5zhlhrwq4","Modern"
"Touch T357R","cmmlge0bb00039gu5zhlhrwq4","Modern"
"Touch T356R","cmmlge0bb00039gu5zhlhrwq4","Modern"
"Touch T355R","cmmlge0bb00039gu5zhlhrwq4","Modern"
"Touch T351Y","cmmlge0bb00039gu5zhlhrwq4","Modern"
"Touch T350Y","cmmlge0bb00039gu5zhlhrwq4","Modern"
"Touch T349Y","cmmlge0bb00039gu5zhlhrwq4","Modern"
"Touch T348Y","cmmlge0bb00039gu5zhlhrwq4","Modern"
"Touch T345Y","cmmlge0bb00039gu5zhlhrwq4","Modern"
"Touch T344Y","cmmlge0bb00039gu5zhlhrwq4","Modern"
"Touch T343Y","cmmlge0bb00039gu5zhlhrwq4","Modern"
"Touch T343R","cmmlge0bb00039gu5zhlhrwq4","Modern"
"Touch T342Y","cmmlge0bb00039gu5zhlhrwq4","Modern"
"Touch T342R","cmmlge0bb00039gu5zhlhrwq4","Modern"
"Touch T341Y","cmmlge0bb00039gu5zhlhrwq4","Modern"
"Touch T341R","cmmlge0bb00039gu5zhlhrwq4","Modern"
"Touch T340Y","cmmlge0bb00039gu5zhlhrwq4","Modern"
"Touch T340R","cmmlge0bb00039gu5zhlhrwq4","Modern"
"Touch T339R","cmmlge0bb00039gu5zhlhrwq4","Modern"
"Touch T338Y","cmmlge0bb00039gu5zhlhrwq4","Modern"
"Touch T338R","cmmlge0bb00039gu5zhlhrwq4","Modern"
"Touch T337Y","cmmlge0bb00039gu5zhlhrwq4","Modern"
"Touch T337X","cmmlge0bb00039gu5zhlhrwq4","Modern"
"Touch T336Y","cmmlge0bb00039gu5zhlhrwq4","Modern"
"Touch T336R","cmmlge0bb00039gu5zhlhrwq4","Modern"
"Touch T335Y","cmmlge0bb00039gu5zhlhrwq4","Modern"
"Touch T335R","cmmlge0bb00039gu5zhlhrwq4","Modern"
"Touch T334Y","cmmlge0bb00039gu5zhlhrwq4","Modern"
"Touch T334R","cmmlge0bb00039gu5zhlhrwq4","Modern"
"Touch T333Y","cmmlge0bb00039gu5zhlhrwq4","Modern"
"Touch T333R","cmmlge0bb00039gu5zhlhrwq4","Modern"
"Touch T332Y","cmmlge0bb00039gu5zhlhrwq4","Modern"
"Touch T332J","cmmlge0bb00039gu5zhlhrwq4","Modern"
"Touch T331D","cmmlge0bb00039gu5zhlhrwq4","Modern"
"Touch T331B","cmmlge0bb00039gu5zhlhrwq4","Modern"
"Touch T330Y","cmmlge0bb00039gu5zhlhrwq4","Modern"
"Touch T330R","cmmlge0bb00039gu5zhlhrwq4","Modern"
"Touch T329Y","cmmlge0bb00039gu5zhlhrwq4","Modern"
"Touch T329R","cmmlge0bb00039gu5zhlhrwq4","Modern"
"Touch T328Y","cmmlge0bb00039gu5zhlhrwq4","Modern"
"Touch T328R","cmmlge0bb00039gu5zhlhrwq4","Modern"
"Touch T326Y","cmmlge0bb00039gu5zhlhrwq4","Modern"
"Touch T326R","cmmlge0bb00039gu5zhlhrwq4","Modern"
"Touch T325Y","cmmlge0bb00039gu5zhlhrwq4","Modern"
"Touch T325R","cmmlge0bb00039gu5zhlhrwq4","Modern"
"Touch T325P","cmmlge0bb00039gu5zhlhrwq4","Modern"
"Touch T325J","cmmlge0bb00039gu5zhlhrwq4","Modern"
"Touch T324Y","cmmlge0bb00039gu5zhlhrwq4","Modern"
"Touch T324R","cmmlge0bb00039gu5zhlhrwq4","Modern"
"Touch T323Y","cmmlge0bb00039gu5zhlhrwq4","Modern"
"Touch T323R","cmmlge0bb00039gu5zhlhrwq4","Modern"
"Touch T322Y","cmmlge0bb00039gu5zhlhrwq4","Modern"
"Touch T322R","cmmlge0bb00039gu5zhlhrwq4","Modern"
"Touch T320Y","cmmlge0bb00039gu5zhlhrwq4","Modern"
"Touch T320R","cmmlge0bb00039gu5zhlhrwq4","Modern"
"Touch T319Y","cmmlge0bb00039gu5zhlhrwq4","Modern"
"Touch T319R","cmmlge0bb00039gu5zhlhrwq4","Modern"
"Touch T318Y","cmmlge0bb00039gu5zhlhrwq4","Modern"
"Touch T318R","cmmlge0bb00039gu5zhlhrwq4","Modern"
"Touch T315Y","cmmlge0bb00039gu5zhlhrwq4","Modern"
"Touch T315R","cmmlge0bb00039gu5zhlhrwq4","Modern"
"Touch T314Y","cmmlge0bb00039gu5zhlhrwq4","Modern"
"Touch T314R","cmmlge0bb00039gu5zhlhrwq4","Modern"
"Touch T313Y","cmmlge0bb00039gu5zhlhrwq4","Modern"
"Touch T313R","cmmlge0bb00039gu5zhlhrwq4","Modern"
"Touch T312Y","cmmlge0bb00039gu5zhlhrwq4","Modern"
"Touch T312R","cmmlge0bb00039gu5zhlhrwq4","Modern"
"Touch T311Y","cmmlge0bb00039gu5zhlhrwq4","Modern"
"Touch T311R","cmmlge0bb00039gu5zhlhrwq4","Modern"
"Touch T308Y","cmmlge0bb00039gu5zhlhrwq4","Modern"
"Touch T308R","cmmlge0bb00039gu5zhlhrwq4","Modern"
"Touch T307Y","cmmlge0bb00039gu5zhlhrwq4","Modern"
"Touch T307R","cmmlge0bb00039gu5zhlhrwq4","Modern"
"Touch T516E","cmmlge0bb00039gu5zhlhrwq4","Modern"
"Touch T376F","cmmlge0bb00039gu5zhlhrwq4","Modern"
"Touch T375F","cmmlge0bb00039gu5zhlhrwq4","Modern"
"Touch T372H","cmmlge0bb00039gu5zhlhrwq4","Modern"
"Touch T372G","cmmlge0bb00039gu5zhlhrwq4","Modern"
"Touch T372F","cmmlge0bb00039gu5zhlhrwq4","Modern"
"Touch T372E","cmmlge0bb00039gu5zhlhrwq4","Modern"
"Touch T369H","cmmlge0bb00039gu5zhlhrwq4","Modern"
"Touch T367H","cmmlge0bb00039gu5zhlhrwq4","Modern"
"Touch T365H","cmmlge0bb00039gu5zhlhrwq4","Modern"
"Touch T364H","cmmlge0bb00039gu5zhlhrwq4","Modern"
"Touch T362H","cmmlge0bb00039gu5zhlhrwq4","Modern"
"Touch T354E","cmmlge0bb00039gu5zhlhrwq4","Modern"
"Touch T351H","cmmlge0bb00039gu5zhlhrwq4","Modern"
"Touch T350H","cmmlge0bb00039gu5zhlhrwq4","Modern"
"Touch T349H","cmmlge0bb00039gu5zhlhrwq4","Modern"
"Touch T348H","cmmlge0bb00039gu5zhlhrwq4","Modern"
"Touch T344H","cmmlge0bb00039gu5zhlhrwq4","Modern"
"Touch T343H","cmmlge0bb00039gu5zhlhrwq4","Modern"
"Touch T343E","cmmlge0bb00039gu5zhlhrwq4","Modern"
"Touch T342H","cmmlge0bb00039gu5zhlhrwq4","Modern"
"Touch T342E","cmmlge0bb00039gu5zhlhrwq4","Modern"
"Touch T341E","cmmlge0bb00039gu5zhlhrwq4","Modern"
"Touch T340H","cmmlge0bb00039gu5zhlhrwq4","Modern"
"Touch T339X","cmmlge0bb00039gu5zhlhrwq4","Modern"
"Touch T339H","cmmlge0bb00039gu5zhlhrwq4","Modern"
"Touch T339E","cmmlge0bb00039gu5zhlhrwq4","Modern"
"Touch T338H","cmmlge0bb00039gu5zhlhrwq4","Modern"
"Touch T338E","cmmlge0bb00039gu5zhlhrwq4","Modern"
"Touch T336H","cmmlge0bb00039gu5zhlhrwq4","Modern"
"Touch T336E","cmmlge0bb00039gu5zhlhrwq4","Modern"
"Touch T335H","cmmlge0bb00039gu5zhlhrwq4","Modern"
"Touch T335E","cmmlge0bb00039gu5zhlhrwq4","Modern"
"Touch T334H","cmmlge0bb00039gu5zhlhrwq4","Modern"
"Touch T333H","cmmlge0bb00039gu5zhlhrwq4","Modern"
"Touch T332H","cmmlge0bb00039gu5zhlhrwq4","Modern"
"Touch T331K","cmmlge0bb00039gu5zhlhrwq4","Modern"
"Touch T331G","cmmlge0bb00039gu5zhlhrwq4","Modern"
"Touch T331C","cmmlge0bb00039gu5zhlhrwq4","Modern"
"Touch T331A","cmmlge0bb00039gu5zhlhrwq4","Modern"
"Touch T330H","cmmlge0bb00039gu5zhlhrwq4","Modern"
"Touch T329H","cmmlge0bb00039gu5zhlhrwq4","Modern"
"Touch T328H","cmmlge0bb00039gu5zhlhrwq4","Modern"
"Touch T328E","cmmlge0bb00039gu5zhlhrwq4","Modern"
"Touch T327H","cmmlge0bb00039gu5zhlhrwq4","Modern"
"Touch T326G","cmmlge0bb00039gu5zhlhrwq4","Modern"
"Touch T326E","cmmlge0bb00039gu5zhlhrwq4","Modern"
"Touch T325H","cmmlge0bb00039gu5zhlhrwq4","Modern"
"Touch T324H","cmmlge0bb00039gu5zhlhrwq4","Modern"
"Touch T323H","cmmlge0bb00039gu5zhlhrwq4","Modern"
"Touch T323E","cmmlge0bb00039gu5zhlhrwq4","Modern"
"Touch T322H","cmmlge0bb00039gu5zhlhrwq4","Modern"
"Touch T322E","cmmlge0bb00039gu5zhlhrwq4","Modern"
"Touch T320H","cmmlge0bb00039gu5zhlhrwq4","Modern"
"Touch T320E","cmmlge0bb00039gu5zhlhrwq4","Modern"
"Touch T319H","cmmlge0bb00039gu5zhlhrwq4","Modern"
"Touch T319E","cmmlge0bb00039gu5zhlhrwq4","Modern"
"Touch T318H","cmmlge0bb00039gu5zhlhrwq4","Modern"
"Touch T318E","cmmlge0bb00039gu5zhlhrwq4","Modern"
"Touch T314H","cmmlge0bb00039gu5zhlhrwq4","Modern"
"Touch T313H","cmmlge0bb00039gu5zhlhrwq4","Modern"
"Touch T313E","cmmlge0bb00039gu5zhlhrwq4","Modern"
"Touch T312H","cmmlge0bb00039gu5zhlhrwq4","Modern"
"Touch T312E","cmmlge0bb00039gu5zhlhrwq4","Modern"
"Touch T311H","cmmlge0bb00039gu5zhlhrwq4","Modern"
"Touch T309H","cmmlge0bb00039gu5zhlhrwq4","Modern"
"Touch T308H","cmmlge0bb00039gu5zhlhrwq4","Modern"
"Touch T306Y","cmmlge0bb00039gu5zhlhrwq4","Modern"
"Touch T306R","cmmlge0bb00039gu5zhlhrwq4","Modern"
"Touch T307H","cmmlge0bb00039gu5zhlhrwq4","Modern"
"Touch T307E","cmmlge0bb00039gu5zhlhrwq4","Modern"
"Terra X127J","cmmlge0b200019gu54iznydxb","Classic"
"Terra X127H","cmmlge0b200019gu54iznydxb","Classic"
"Terra X126F","cmmlge0b200019gu54iznydxb","Classic"
"Terra X125J","cmmlge0b200019gu54iznydxb","Classic"
"Terra X125H","cmmlge0b200019gu54iznydxb","Classic"
"Terra X125F","cmmlge0b200019gu54iznydxb","Classic"
"Terra X124J","cmmlge0b200019gu54iznydxb","Classic"
"Terra X124H","cmmlge0b200019gu54iznydxb","Classic"
"Terra X123J","cmmlge0b200019gu54iznydxb","Classic"
"Terra X123H","cmmlge0b200019gu54iznydxb","Classic"
"Terra X123F","cmmlge0b200019gu54iznydxb","Classic"
"Terra X122J","cmmlge0b200019gu54iznydxb","Classic"
"Terra X122H","cmmlge0b200019gu54iznydxb","Classic"
"Terra X122F","cmmlge0b200019gu54iznydxb","Classic"
"Terra X121F","cmmlge0b200019gu54iznydxb","Classic"
"Terra X109J","cmmlge0b200019gu54iznydxb","Classic"
"Terra X109H","cmmlge0b200019gu54iznydxb","Classic"
"Terra X108J","cmmlge0b200019gu54iznydxb","Classic"
"Terra X108H","cmmlge0b200019gu54iznydxb","Classic"
"Terra X108F","cmmlge0b200019gu54iznydxb","Classic"
"Terra X108E","cmmlge0b200019gu54iznydxb","Classic"
"Terra X107J","cmmlge0b200019gu54iznydxb","Classic"
"Terra X107H","cmmlge0b200019gu54iznydxb","Classic"
"Terra X106J","cmmlge0b200019gu54iznydxb","Classic"
"Terra X106I","cmmlge0b200019gu54iznydxb","Classic"
"Terra X106H","cmmlge0b200019gu54iznydxb","Classic"
"Terra X106G","cmmlge0b200019gu54iznydxb","Classic"
"Terra X105J","cmmlge0b200019gu54iznydxb","Classic"
"Terra X105I","cmmlge0b200019gu54iznydxb","Classic"
"Terra X105H","cmmlge0b200019gu54iznydxb","Classic"
"Terra X105G","cmmlge0b200019gu54iznydxb","Classic"
"Terra X104J","cmmlge0b200019gu54iznydxb","Classic"
"Terra X104H","cmmlge0b200019gu54iznydxb","Classic"
"Terra X104F","cmmlge0b200019gu54iznydxb","Classic"
"Terra X104E","cmmlge0b200019gu54iznydxb","Classic"
"Terra X103J","cmmlge0b200019gu54iznydxb","Classic"
"Steffano L119E","cmmlge0ao00009gu5yorrka3d","Neo Clasica"
"Steffano L118E","cmmlge0ao00009gu5yorrka3d","Neo Clasica"
"Steffano L118C","cmmlge0ao00009gu5yorrka3d","Neo Clasica"
"Steffano L117L","cmmlge0ao00009gu5yorrka3d","Neo Clasica"
"Steffano L117K","cmmlge0ao00009gu5yorrka3d","Neo Clasica"
"Steffano L117H","cmmlge0ao00009gu5yorrka3d","Neo Clasica"
"Steffano L117G","cmmlge0ao00009gu5yorrka3d","Neo Clasica"
"Steffano L116L","cmmlge0ao00009gu5yorrka3d","Neo Clasica"
"Steffano L116K","cmmlge0ao00009gu5yorrka3d","Neo Clasica"
"Steffano L116G","cmmlge0ao00009gu5yorrka3d","Neo Clasica"
"Steffano L115H","cmmlge0ao00009gu5yorrka3d","Neo Clasica"
"Steffano L115F","cmmlge0ao00009gu5yorrka3d","Neo Clasica"
"Steffano L115D","cmmlge0ao00009gu5yorrka3d","Neo Clasica"
"Steffano L115C","cmmlge0ao00009gu5yorrka3d","Neo Clasica"
"Steffano L115B","cmmlge0ao00009gu5yorrka3d","Neo Clasica"
"Steffano L115A","cmmlge0ao00009gu5yorrka3d","Neo Clasica"
"Steffano L114G","cmmlge0ao00009gu5yorrka3d","Neo Clasica"
"Steffano L114A","cmmlge0ao00009gu5yorrka3d","Neo Clasica"
"Steffano L113G","cmmlge0ao00009gu5yorrka3d","Neo Clasica"
"Steffano L113A","cmmlge0ao00009gu5yorrka3d","Neo Clasica"
"Steffano L112G","cmmlge0ao00009gu5yorrka3d","Neo Clasica"
"Steffano L112A","cmmlge0ao00009gu5yorrka3d","Neo Clasica"
"Steffano L111K","cmmlge0ao00009gu5yorrka3d","Neo Clasica"
"Steffano L111G","cmmlge0ao00009gu5yorrka3d","Neo Clasica"
"Steffano L111A","cmmlge0ao00009gu5yorrka3d","Neo Clasica"
"Steffano L110K","cmmlge0ao00009gu5yorrka3d","Neo Clasica"
"Steffano L110G","cmmlge0ao00009gu5yorrka3d","Neo Clasica"
"Steffano L110A","cmmlge0ao00009gu5yorrka3d","Neo Clasica"
"Steffano L109L","cmmlge0ao00009gu5yorrka3d","Neo Clasica"
"Steffano L109H","cmmlge0ao00009gu5yorrka3d","Neo Clasica"
"Steffano L109F","cmmlge0ao00009gu5yorrka3d","Neo Clasica"
"Steffano L109D","cmmlge0ao00009gu5yorrka3d","Neo Clasica"
"Steffano L109A","cmmlge0ao00009gu5yorrka3d","Neo Clasica"
"Steffano L108L","cmmlge0ao00009gu5yorrka3d","Neo Clasica"
"Steffano L108I","cmmlge0ao00009gu5yorrka3d","Neo Clasica"
"Steffano L108H","cmmlge0ao00009gu5yorrka3d","Neo Clasica"
"Steffano L108B","cmmlge0ao00009gu5yorrka3d","Neo Clasica"
"Steffano L108A","cmmlge0ao00009gu5yorrka3d","Neo Clasica"
"Steffano L107L","cmmlge0ao00009gu5yorrka3d","Neo Clasica"
"Steffano L107I","cmmlge0ao00009gu5yorrka3d","Neo Clasica"
"Steffano L107H","cmmlge0ao00009gu5yorrka3d","Neo Clasica"
"Steffano L107D","cmmlge0ao00009gu5yorrka3d","Neo Clasica"
"Steffano L107B","cmmlge0ao00009gu5yorrka3d","Neo Clasica"
"Steffano L107A","cmmlge0ao00009gu5yorrka3d","Neo Clasica"
"Steffano L106L","cmmlge0ao00009gu5yorrka3d","Neo Clasica"
"Steffano L106I","cmmlge0ao00009gu5yorrka3d","Neo Clasica"
"Steffano L106H","cmmlge0ao00009gu5yorrka3d","Neo Clasica"
"Steffano L106B","cmmlge0ao00009gu5yorrka3d","Neo Clasica"
"Steffano L106A","cmmlge0ao00009gu5yorrka3d","Neo Clasica"
"Steffano L105L","cmmlge0ao00009gu5yorrka3d","Neo Clasica"
"Steffano L105H","cmmlge0ao00009gu5yorrka3d","Neo Clasica"
"Steffano L105F","cmmlge0ao00009gu5yorrka3d","Neo Clasica"
"Steffano L105E","cmmlge0ao00009gu5yorrka3d","Neo Clasica"
"Steffano L105D","cmmlge0ao00009gu5yorrka3d","Neo Clasica"
"Steffano L105C","cmmlge0ao00009gu5yorrka3d","Neo Clasica"
"Steffano L105A","cmmlge0ao00009gu5yorrka3d","Neo Clasica"
"Steffano L104H","cmmlge0ao00009gu5yorrka3d","Neo Clasica"
"Steffano L104F","cmmlge0ao00009gu5yorrka3d","Neo Clasica"
"Steffano L104C","cmmlge0ao00009gu5yorrka3d","Neo Clasica"
"Steffano L104A","cmmlge0ao00009gu5yorrka3d","Neo Clasica"
"Steffano L103L","cmmlge0ao00009gu5yorrka3d","Neo Clasica"
"Steffano L103I","cmmlge0ao00009gu5yorrka3d","Neo Clasica"
"Steffano L103H","cmmlge0ao00009gu5yorrka3d","Neo Clasica"
"Steffano L103F","cmmlge0ao00009gu5yorrka3d","Neo Clasica"
"Steffano L103B","cmmlge0ao00009gu5yorrka3d","Neo Clasica"
"Steffano L103A","cmmlge0ao00009gu5yorrka3d","Neo Clasica"
"Steffano L102L","cmmlge0ao00009gu5yorrka3d","Neo Clasica"
"Steffano L102H","cmmlge0ao00009gu5yorrka3d","Neo Clasica"
"Steffano L102F","cmmlge0ao00009gu5yorrka3d","Neo Clasica"
"Steffano L102D","cmmlge0ao00009gu5yorrka3d","Neo Clasica"
"Steffano L102C","cmmlge0ao00009gu5yorrka3d","Neo Clasica"
"Steffano L102B","cmmlge0ao00009gu5yorrka3d","Neo Clasica"
"Steffano L101H","cmmlge0ao00009gu5yorrka3d","Neo Clasica"
"Steffano L101F","cmmlge0ao00009gu5yorrka3d","Neo Clasica"
"Orlando A414C","cmmlge0bb00039gu5zhlhrwq4","Modern"
"Luna S441H","cmmlge0bf00049gu5j9w46wkb","Minimal"
"Luna S441E","cmmlge0bf00049gu5j9w46wkb","Minimal"
"Luna S414G","cmmlge0bf00049gu5j9w46wkb","Minimal"
"Luna S414F","cmmlge0bf00049gu5j9w46wkb","Minimal"
"Luna S414E","cmmlge0bf00049gu5j9w46wkb","Minimal"
"Luna S414C","cmmlge0bf00049gu5j9w46wkb","Minimal"
"Luna S413G","cmmlge0bf00049gu5j9w46wkb","Minimal"
"Luna S413F","cmmlge0bf00049gu5j9w46wkb","Minimal"
"Luna S413E","cmmlge0bf00049gu5j9w46wkb","Minimal"
"Luna S413C","cmmlge0bf00049gu5j9w46wkb","Minimal"
"Luna S412G","cmmlge0bf00049gu5j9w46wkb","Minimal"
"Luna S412F","cmmlge0bf00049gu5j9w46wkb","Minimal"
"Luna S412E","cmmlge0bf00049gu5j9w46wkb","Minimal"
"Luna S412C","cmmlge0bf00049gu5j9w46wkb","Minimal"
"Luna S411G","cmmlge0bf00049gu5j9w46wkb","Minimal"
"Luna S411F","cmmlge0bf00049gu5j9w46wkb","Minimal"
"Luna S411E","cmmlge0bf00049gu5j9w46wkb","Minimal"
"Luna S411C","cmmlge0bf00049gu5j9w46wkb","Minimal"
"Luna S410G","cmmlge0bf00049gu5j9w46wkb","Minimal"
"Luna S410F","cmmlge0bf00049gu5j9w46wkb","Minimal"
"Luna S410C","cmmlge0bf00049gu5j9w46wkb","Minimal"
"Luna S409G","cmmlge0bf00049gu5j9w46wkb","Minimal"
"Luna S409C","cmmlge0bf00049gu5j9w46wkb","Minimal"
"Luna S408G","cmmlge0bf00049gu5j9w46wkb","Minimal"
"Luna S408F","cmmlge0bf00049gu5j9w46wkb","Minimal"
"Luna S408E","cmmlge0bf00049gu5j9w46wkb","Minimal"
"Luna S408C","cmmlge0bf00049gu5j9w46wkb","Minimal"
"Luna S407G","cmmlge0bf00049gu5j9w46wkb","Minimal"
"Luna S407F","cmmlge0bf00049gu5j9w46wkb","Minimal"
"Luna S407E","cmmlge0bf00049gu5j9w46wkb","Minimal"
"Luna S407C","cmmlge0bf00049gu5j9w46wkb","Minimal"
"Luna S406G","cmmlge0bf00049gu5j9w46wkb","Minimal"
"Luna S406F","cmmlge0bf00049gu5j9w46wkb","Minimal"
"Luna S406E","cmmlge0bf00049gu5j9w46wkb","Minimal"
"Luna S406C","cmmlge0bf00049gu5j9w46wkb","Minimal"
"Luna S405G","cmmlge0bf00049gu5j9w46wkb","Minimal"
"Luna S405F","cmmlge0bf00049gu5j9w46wkb","Minimal"
"Luna S405E","cmmlge0bf00049gu5j9w46wkb","Minimal"
"Luna S405C","cmmlge0bf00049gu5j9w46wkb","Minimal"
"Luna S404G","cmmlge0bf00049gu5j9w46wkb","Minimal"
"Luna S404F","cmmlge0bf00049gu5j9w46wkb","Minimal"
"Luna S404E","cmmlge0bf00049gu5j9w46wkb","Minimal"
"Luna S404C","cmmlge0bf00049gu5j9w46wkb","Minimal"
"Luna S403G","cmmlge0bf00049gu5j9w46wkb","Minimal"
"Luna S403F","cmmlge0bf00049gu5j9w46wkb","Minimal"
"Luna S223G","cmmlge0bf00049gu5j9w46wkb","Minimal"
"Luna S223F","cmmlge0bf00049gu5j9w46wkb","Minimal"
"Luna S223E","cmmlge0bf00049gu5j9w46wkb","Minimal"
"Luna S223C","cmmlge0bf00049gu5j9w46wkb","Minimal"
"Luna S223A","cmmlge0bf00049gu5j9w46wkb","Minimal"
"Luna S222H","cmmlge0bf00049gu5j9w46wkb","Minimal"
"Luna S222G","cmmlge0bf00049gu5j9w46wkb","Minimal"
"Luna S222F","cmmlge0bf00049gu5j9w46wkb","Minimal"
"Luna S222E","cmmlge0bf00049gu5j9w46wkb","Minimal"
"Luna S222C","cmmlge0bf00049gu5j9w46wkb","Minimal"
"Luna S222A","cmmlge0bf00049gu5j9w46wkb","Minimal"
"Luna S220H","cmmlge0bf00049gu5j9w46wkb","Minimal"
"Luna S215I","cmmlge0bf00049gu5j9w46wkb","Minimal"
"Luna S215G","cmmlge0bf00049gu5j9w46wkb","Minimal"
"Luna S215F","cmmlge0bf00049gu5j9w46wkb","Minimal"
"Luna S215E","cmmlge0bf00049gu5j9w46wkb","Minimal"
"Luna S215C","cmmlge0bf00049gu5j9w46wkb","Minimal"
"Luna S215A","cmmlge0bf00049gu5j9w46wkb","Minimal"
"Luna S214I","cmmlge0bf00049gu5j9w46wkb","Minimal"
"Luna S214G","cmmlge0bf00049gu5j9w46wkb","Minimal"
"Luna S214F","cmmlge0bf00049gu5j9w46wkb","Minimal"
"Luna S214E","cmmlge0bf00049gu5j9w46wkb","Minimal"
"Luna S214C","cmmlge0bf00049gu5j9w46wkb","Minimal"
"Luna S214A","cmmlge0bf00049gu5j9w46wkb","Minimal"
"Luna S197J","cmmlge0bf00049gu5j9w46wkb","Minimal"
"Luna S197H","cmmlge0bf00049gu5j9w46wkb","Minimal"
"Luna S187H","cmmlge0bf00049gu5j9w46wkb","Minimal"
"Luna S186H","cmmlge0bf00049gu5j9w46wkb","Minimal"
"Luna S163H","cmmlge0bf00049gu5j9w46wkb","Minimal"
"Luna S162I","cmmlge0bf00049gu5j9w46wkb","Minimal"
"Luna S162G","cmmlge0bf00049gu5j9w46wkb","Minimal"
"Luna S162F","cmmlge0bf00049gu5j9w46wkb","Minimal"
"Luna S162E","cmmlge0bf00049gu5j9w46wkb","Minimal"
"Luna S162C","cmmlge0bf00049gu5j9w46wkb","Minimal"
"Luna S162A","cmmlge0bf00049gu5j9w46wkb","Minimal"
"Luna S161I","cmmlge0bf00049gu5j9w46wkb","Minimal"
"Luna S161G","cmmlge0bf00049gu5j9w46wkb","Minimal"
"Luna S161F","cmmlge0bf00049gu5j9w46wkb","Minimal"
"Luna S161E","cmmlge0bf00049gu5j9w46wkb","Minimal"
"Luna S161C","cmmlge0bf00049gu5j9w46wkb","Minimal"
"Luna S161A","cmmlge0bf00049gu5j9w46wkb","Minimal"
"Luna S160I","cmmlge0bf00049gu5j9w46wkb","Minimal"
"Luna S160G","cmmlge0bf00049gu5j9w46wkb","Minimal"
"Luna S160F","cmmlge0bf00049gu5j9w46wkb","Minimal"
"Luna S160C","cmmlge0bf00049gu5j9w46wkb","Minimal"
"Luna S160A","cmmlge0bf00049gu5j9w46wkb","Minimal"
"Luna S159I","cmmlge0bf00049gu5j9w46wkb","Minimal"
"Luna S159G","cmmlge0bf00049gu5j9w46wkb","Minimal"
"Luna S159E","cmmlge0bf00049gu5j9w46wkb","Minimal"
"Luna S159C","cmmlge0bf00049gu5j9w46wkb","Minimal"
"Luna S159A","cmmlge0bf00049gu5j9w46wkb","Minimal"
"Luna S158I","cmmlge0bf00049gu5j9w46wkb","Minimal"
"Luna S158G","cmmlge0bf00049gu5j9w46wkb","Minimal"
"Luna S158F","cmmlge0bf00049gu5j9w46wkb","Minimal"
"Luna S158E","cmmlge0bf00049gu5j9w46wkb","Minimal"
"Luna S158C","cmmlge0bf00049gu5j9w46wkb","Minimal"
"Luna S158A","cmmlge0bf00049gu5j9w46wkb","Minimal"
"Luna S145E","cmmlge0bf00049gu5j9w46wkb","Minimal"
"Luna S145C","cmmlge0bf00049gu5j9w46wkb","Minimal"
"Luna S141E","cmmlge0bf00049gu5j9w46wkb","Minimal"
"Luna S141C","cmmlge0bf00049gu5j9w46wkb","Minimal"
"Luna S140E","cmmlge0bf00049gu5j9w46wkb","Minimal"
"Luna S140C","cmmlge0bf00049gu5j9w46wkb","Minimal"
"Luna S139E","cmmlge0bf00049gu5j9w46wkb","Minimal"
"Luna S139C","cmmlge0bf00049gu5j9w46wkb","Minimal"
"Luna S138G","cmmlge0bf00049gu5j9w46wkb","Minimal"
"Luna S138E","cmmlge0bf00049gu5j9w46wkb","Minimal"
"Luna S138C","cmmlge0bf00049gu5j9w46wkb","Minimal"
"Luna S138A","cmmlge0bf00049gu5j9w46wkb","Minimal"
"Luna S135G","cmmlge0bf00049gu5j9w46wkb","Minimal"
"Luna S135A","cmmlge0bf00049gu5j9w46wkb","Minimal"
"Luna S129H","cmmlge0bf00049gu5j9w46wkb","Minimal"
"Luna S128H","cmmlge0bf00049gu5j9w46wkb","Minimal"
"Luna S128F","cmmlge0bf00049gu5j9w46wkb","Minimal"
"Luna S127H","cmmlge0bf00049gu5j9w46wkb","Minimal"
"Luna S125J","cmmlge0bf00049gu5j9w46wkb","Minimal"
"Luna S125H","cmmlge0bf00049gu5j9w46wkb","Minimal"
"Luna S125B","cmmlge0bf00049gu5j9w46wkb","Minimal"
"Luna S111H","cmmlge0bf00049gu5j9w46wkb","Minimal"
"Luna S111G","cmmlge0bf00049gu5j9w46wkb","Minimal"
"Luna S111B","cmmlge0bf00049gu5j9w46wkb","Minimal"
"Luna S111A","cmmlge0bf00049gu5j9w46wkb","Minimal"
"Luna S110L","cmmlge0bf00049gu5j9w46wkb","Minimal"
"Luna S110H","cmmlge0bf00049gu5j9w46wkb","Minimal"
"Luna S110E","cmmlge0bf00049gu5j9w46wkb","Minimal"
"Luna S110B","cmmlge0bf00049gu5j9w46wkb","Minimal"
"Luna S109H","cmmlge0bf00049gu5j9w46wkb","Minimal"
"Luna S109E","cmmlge0bf00049gu5j9w46wkb","Minimal"
"Luna S108I","cmmlge0bf00049gu5j9w46wkb","Minimal"
"Luna S108G","cmmlge0bf00049gu5j9w46wkb","Minimal"
"Luna S108F","cmmlge0bf00049gu5j9w46wkb","Minimal"
"Luna S108E","cmmlge0bf00049gu5j9w46wkb","Minimal"
"Luna S108C","cmmlge0bf00049gu5j9w46wkb","Minimal"
"Luna S108A","cmmlge0bf00049gu5j9w46wkb","Minimal"
"Luna S107I","cmmlge0bf00049gu5j9w46wkb","Minimal"
"Luna S107G","cmmlge0bf00049gu5j9w46wkb","Minimal"
"Luna S107F","cmmlge0bf00049gu5j9w46wkb","Minimal"
"Luna S107E","cmmlge0bf00049gu5j9w46wkb","Minimal"
"Luna S107C","cmmlge0bf00049gu5j9w46wkb","Minimal"
"Luna S107A","cmmlge0bf00049gu5j9w46wkb","Minimal"
"Luna S106I","cmmlge0bf00049gu5j9w46wkb","Minimal"
"Luna S106G","cmmlge0bf00049gu5j9w46wkb","Minimal"
"Luna S106F","cmmlge0bf00049gu5j9w46wkb","Minimal"
"Luna S106E","cmmlge0bf00049gu5j9w46wkb","Minimal"
"Luna S106C","cmmlge0bf00049gu5j9w46wkb","Minimal"
"Luna S106A","cmmlge0bf00049gu5j9w46wkb","Minimal"
"Luna S105I","cmmlge0bf00049gu5j9w46wkb","Minimal"
"Luna S105G","cmmlge0bf00049gu5j9w46wkb","Minimal"
"Luna S105F","cmmlge0bf00049gu5j9w46wkb","Minimal"
"Luna S105E","cmmlge0bf00049gu5j9w46wkb","Minimal"
"Luna S105C","cmmlge0bf00049gu5j9w46wkb","Minimal"
"Luna S105A","cmmlge0bf00049gu5j9w46wkb","Minimal"
"Luna S104I","cmmlge0bf00049gu5j9w46wkb","Minimal"
"Luna S104G","cmmlge0bf00049gu5j9w46wkb","Minimal"
"Luna S104F","cmmlge0bf00049gu5j9w46wkb","Minimal"
"Luna S104E","cmmlge0bf00049gu5j9w46wkb","Minimal"
"Luna S104C","cmmlge0bf00049gu5j9w46wkb","Minimal"
"Luna S104B","cmmlge0bf00049gu5j9w46wkb","Minimal"
"Luna S104A","cmmlge0bf00049gu5j9w46wkb","Minimal"
"Luna S102I","cmmlge0bf00049gu5j9w46wkb","Minimal"
"Luna S102G","cmmlge0bf00049gu5j9w46wkb","Minimal"
"Luna S102F","cmmlge0bf00049gu5j9w46wkb","Minimal"
"Luna S102E","cmmlge0bf00049gu5j9w46wkb","Minimal"
"Luna S102C","cmmlge0bf00049gu5j9w46wkb","Minimal"
"Luna S102A","cmmlge0bf00049gu5j9w46wkb","Minimal"
"Luna S101I","cmmlge0bf00049gu5j9w46wkb","Minimal"
"Luna S101G","cmmlge0bf00049gu5j9w46wkb","Minimal"
"Luna S101F","cmmlge0bf00049gu5j9w46wkb","Minimal"
"Luna S101E","cmmlge0bf00049gu5j9w46wkb","Minimal"
"Luna S101C","cmmlge0bf00049gu5j9w46wkb","Minimal"
"Luna S101A","cmmlge0bf00049gu5j9w46wkb","Minimal"
"Luna S062U","cmmlge0bf00049gu5j9w46wkb","Minimal"
"Luna S062I","cmmlge0bf00049gu5j9w46wkb","Minimal"
"Luna S062G","cmmlge0bf00049gu5j9w46wkb","Minimal"
"Luna S062E","cmmlge0bf00049gu5j9w46wkb","Minimal"
"Luna S062C","cmmlge0bf00049gu5j9w46wkb","Minimal"
"Luna S062A","cmmlge0bf00049gu5j9w46wkb","Minimal"
"Luna S061U","cmmlge0bf00049gu5j9w46wkb","Minimal"
"Luna S061I","cmmlge0bf00049gu5j9w46wkb","Minimal"
"Luna S061G","cmmlge0bf00049gu5j9w46wkb","Minimal"
"Luna S061E","cmmlge0bf00049gu5j9w46wkb","Minimal"
"Luna S061C","cmmlge0bf00049gu5j9w46wkb","Minimal"
"Luna S061A","cmmlge0bf00049gu5j9w46wkb","Minimal"
"Luna S060U","cmmlge0bf00049gu5j9w46wkb","Minimal"
"Luna S060I","cmmlge0bf00049gu5j9w46wkb","Minimal"
"Luna S060G","cmmlge0bf00049gu5j9w46wkb","Minimal"
"Luna S060E","cmmlge0bf00049gu5j9w46wkb","Minimal"
"Luna S060C","cmmlge0bf00049gu5j9w46wkb","Minimal"
"Luna S060A","cmmlge0bf00049gu5j9w46wkb","Minimal"
"Luna S028U","cmmlge0bf00049gu5j9w46wkb","Minimal"
"Luna S028I","cmmlge0bf00049gu5j9w46wkb","Minimal"
"Luna S028G","cmmlge0bf00049gu5j9w46wkb","Minimal"
"Luna S028E","cmmlge0bf00049gu5j9w46wkb","Minimal"
"Luna S028C","cmmlge0bf00049gu5j9w46wkb","Minimal"
"Luna S028A","cmmlge0bf00049gu5j9w46wkb","Minimal"
"Luna S027U","cmmlge0bf00049gu5j9w46wkb","Minimal"
"Luna S027I","cmmlge0bf00049gu5j9w46wkb","Minimal"
"Luna S027G","cmmlge0bf00049gu5j9w46wkb","Minimal"
"Luna S027E","cmmlge0bf00049gu5j9w46wkb","Minimal"
"Luna S027C","cmmlge0bf00049gu5j9w46wkb","Minimal"
"Luna S027A","cmmlge0bf00049gu5j9w46wkb","Minimal"
"Luna S026G","cmmlge0bf00049gu5j9w46wkb","Minimal"
"Luna S026E","cmmlge0bf00049gu5j9w46wkb","Minimal"
"Luna S026A","cmmlge0bf00049gu5j9w46wkb","Minimal"
"Luna S025H","cmmlge0bf00049gu5j9w46wkb","Minimal"
"Luna S025B","cmmlge0bf00049gu5j9w46wkb","Minimal"
"Luna S024H","cmmlge0bf00049gu5j9w46wkb","Minimal"
"Luna S024B","cmmlge0bf00049gu5j9w46wkb","Minimal"
"Luna S023H","cmmlge0bf00049gu5j9w46wkb","Minimal"
"Luna S023B","cmmlge0bf00049gu5j9w46wkb","Minimal"
"Luna S022H","cmmlge0bf00049gu5j9w46wkb","Minimal"
"Luna S022B","cmmlge0bf00049gu5j9w46wkb","Minimal"
"Luna S021H","cmmlge0bf00049gu5j9w46wkb","Minimal"
"Luna S021B","cmmlge0bf00049gu5j9w46wkb","Minimal"
"Luna S020H","cmmlge0bf00049gu5j9w46wkb","Minimal"
"Luna S020B","cmmlge0bf00049gu5j9w46wkb","Minimal"
"Luna S007K","cmmlge0bf00049gu5j9w46wkb","Minimal"
"Luna S007C","cmmlge0bf00049gu5j9w46wkb","Minimal"
"Luna S007A","cmmlge0bf00049gu5j9w46wkb","Minimal"
"Luna S006K","cmmlge0bf00049gu5j9w46wkb","Minimal"
"Luna S006C","cmmlge0bf00049gu5j9w46wkb","Minimal"
"Luna S006A","cmmlge0bf00049gu5j9w46wkb","Minimal"
"Luna S005G","cmmlge0bf00049gu5j9w46wkb","Minimal"
"Luna S005E","cmmlge0bf00049gu5j9w46wkb","Minimal"
"Luna S005C","cmmlge0bf00049gu5j9w46wkb","Minimal"
"Luna S005A","cmmlge0bf00049gu5j9w46wkb","Minimal"
"Luna S004L","cmmlge0bf00049gu5j9w46wkb","Minimal"
"Iran Soft PR28M","cmmlge0b600029gu54bgm2hfl","Premium"
"Iran Soft PR28K","cmmlge0b600029gu54bgm2hfl","Premium"
"Iran Soft PR28H","cmmlge0b600029gu54bgm2hfl","Premium"
"Iran Soft PR28D","cmmlge0b600029gu54bgm2hfl","Premium"
"Iran Soft PR28B","cmmlge0b600029gu54bgm2hfl","Premium"
"Iran Soft PR28A","cmmlge0b600029gu54bgm2hfl","Premium"
"Iran Soft PR27Y","cmmlge0b600029gu54bgm2hfl","Premium"
"Iran Soft PR27M","cmmlge0b600029gu54bgm2hfl","Premium"
"Iran Soft PR27L","cmmlge0b600029gu54bgm2hfl","Premium"
"Iran Soft PR27I","cmmlge0b600029gu54bgm2hfl","Premium"
"Iran Soft PR27H","cmmlge0b600029gu54bgm2hfl","Premium"
"Iran Soft PR27E","cmmlge0b600029gu54bgm2hfl","Premium"
"Iran Soft PR27D","cmmlge0b600029gu54bgm2hfl","Premium"
"Iran Soft PR27C","cmmlge0b600029gu54bgm2hfl","Premium"
"Iran Soft PR27B","cmmlge0b600029gu54bgm2hfl","Premium"
"Iran Soft PR27A","cmmlge0b600029gu54bgm2hfl","Premium"
"Iran Soft PR26M","cmmlge0b600029gu54bgm2hfl","Premium"
"Iran Soft PR26L","cmmlge0b600029gu54bgm2hfl","Premium"
"Iran Soft PR26K","cmmlge0b600029gu54bgm2hfl","Premium"
"Iran Soft PR26J","cmmlge0b600029gu54bgm2hfl","Premium"
"Iran Soft PR26I","cmmlge0b600029gu54bgm2hfl","Premium"
"Iran Soft PR26H","cmmlge0b600029gu54bgm2hfl","Premium"
"Iran Soft PR26E","cmmlge0b600029gu54bgm2hfl","Premium"
"Iran Soft PR26D","cmmlge0b600029gu54bgm2hfl","Premium"
"Iran Soft PR26B","cmmlge0b600029gu54bgm2hfl","Premium"
"Iran Soft PR26A","cmmlge0b600029gu54bgm2hfl","Premium"
"Iran Soft PR25W","cmmlge0b600029gu54bgm2hfl","Premium"
"Iran Soft PR25M","cmmlge0b600029gu54bgm2hfl","Premium"
"Iran Soft PR25L","cmmlge0b600029gu54bgm2hfl","Premium"
"Iran Soft PR25J","cmmlge0b600029gu54bgm2hfl","Premium"
"Iran Soft PR25I","cmmlge0b600029gu54bgm2hfl","Premium"
"Iran Soft PR25H","cmmlge0b600029gu54bgm2hfl","Premium"
"Iran Soft PR25E","cmmlge0b600029gu54bgm2hfl","Premium"
"Iran Soft PR25D","cmmlge0b600029gu54bgm2hfl","Premium"
"Iran Soft PR25B","cmmlge0b600029gu54bgm2hfl","Premium"
"Iran Soft PR25A","cmmlge0b600029gu54bgm2hfl","Premium"
"Iran Soft PR23Y","cmmlge0b600029gu54bgm2hfl","Premium"
"Iran Soft PR23X","cmmlge0b600029gu54bgm2hfl","Premium"
"Iran Soft PR23P","cmmlge0b600029gu54bgm2hfl","Premium"
"Iran Soft PR23M","cmmlge0b600029gu54bgm2hfl","Premium"
"Iran Soft PR23L","cmmlge0b600029gu54bgm2hfl","Premium"
"Iran Soft PR23J","cmmlge0b600029gu54bgm2hfl","Premium"
"Iran Soft PR23I","cmmlge0b600029gu54bgm2hfl","Premium"
"Iran Soft PR23H","cmmlge0b600029gu54bgm2hfl","Premium"
"Iran Soft PR23E","cmmlge0b600029gu54bgm2hfl","Premium"
"Iran Soft PR23D","cmmlge0b600029gu54bgm2hfl","Premium"
"Iran Soft PR23B","cmmlge0b600029gu54bgm2hfl","Premium"
"Iran Soft PR23A","cmmlge0b600029gu54bgm2hfl","Premium"
"Iran Soft PR22M","cmmlge0b600029gu54bgm2hfl","Premium"
"Iran Soft PR22K","cmmlge0b600029gu54bgm2hfl","Premium"
"Iran Soft PR22J","cmmlge0b600029gu54bgm2hfl","Premium"
"Iran Soft PR22I","cmmlge0b600029gu54bgm2hfl","Premium"
"Iran Soft PR22H","cmmlge0b600029gu54bgm2hfl","Premium"
"Iran Soft PR22G","cmmlge0b600029gu54bgm2hfl","Premium"
"Iran Soft PR22E","cmmlge0b600029gu54bgm2hfl","Premium"
"Iran Soft PR22D","cmmlge0b600029gu54bgm2hfl","Premium"
"Iran Soft PR22B","cmmlge0b600029gu54bgm2hfl","Premium"
"Iran Soft PR22A","cmmlge0b600029gu54bgm2hfl","Premium"
"Iran Soft PR21Z","cmmlge0b600029gu54bgm2hfl","Premium"
"Iran Soft PR21Y","cmmlge0b600029gu54bgm2hfl","Premium"
"Iran Soft PR21P","cmmlge0b600029gu54bgm2hfl","Premium"
"Iran Soft PR21M","cmmlge0b600029gu54bgm2hfl","Premium"
"Iran Soft PR21L","cmmlge0b600029gu54bgm2hfl","Premium"
"Iran Soft PR21J","cmmlge0b600029gu54bgm2hfl","Premium"
"Iran Soft PR21I","cmmlge0b600029gu54bgm2hfl","Premium"
"Iran Soft PR21H","cmmlge0b600029gu54bgm2hfl","Premium"
"Iran Soft PR21E","cmmlge0b600029gu54bgm2hfl","Premium"
"Iran Soft PR21D","cmmlge0b600029gu54bgm2hfl","Premium"
"Iran Soft PR21B","cmmlge0b600029gu54bgm2hfl","Premium"
"Iran Soft PR21A","cmmlge0b600029gu54bgm2hfl","Premium"
"Iran Soft PR20Z","cmmlge0b600029gu54bgm2hfl","Premium"
"Iran Soft PR20W","cmmlge0b600029gu54bgm2hfl","Premium"
"Iran Soft PR20V","cmmlge0b600029gu54bgm2hfl","Premium"
"Iran Soft PR20P","cmmlge0b600029gu54bgm2hfl","Premium"
"Etalon F413Y","cmmlge0ao00009gu5yorrka3d","Neo Clasica"
"Etalon F413H","cmmlge0ao00009gu5yorrka3d","Neo Clasica"
"Etalon F412I","cmmlge0ao00009gu5yorrka3d","Neo Clasica"
"Etalon F411I","cmmlge0ao00009gu5yorrka3d","Neo Clasica"
"Etalon F410I","cmmlge0ao00009gu5yorrka3d","Neo Clasica"
"Etalon F409K","cmmlge0ao00009gu5yorrka3d","Neo Clasica"
"Etalon F409I","cmmlge0ao00009gu5yorrka3d","Neo Clasica"
"Etalon F409A","cmmlge0ao00009gu5yorrka3d","Neo Clasica"
"Etalon F408I","cmmlge0ao00009gu5yorrka3d","Neo Clasica"
"Etalon F408H","cmmlge0ao00009gu5yorrka3d","Neo Clasica"
"Etalon F408G","cmmlge0ao00009gu5yorrka3d","Neo Clasica"
"Etalon F408E","cmmlge0ao00009gu5yorrka3d","Neo Clasica"
"Etalon F408A","cmmlge0ao00009gu5yorrka3d","Neo Clasica"
"Etalon F407I","cmmlge0ao00009gu5yorrka3d","Neo Clasica"
"Etalon F407G","cmmlge0ao00009gu5yorrka3d","Neo Clasica"
"Etalon F407F","cmmlge0ao00009gu5yorrka3d","Neo Clasica"
"Etalon F407E","cmmlge0ao00009gu5yorrka3d","Neo Clasica"
"Etalon F407C","cmmlge0ao00009gu5yorrka3d","Neo Clasica"
"Etalon F407A","cmmlge0ao00009gu5yorrka3d","Neo Clasica"
"Etalon F406K","cmmlge0ao00009gu5yorrka3d","Neo Clasica"
"Etalon F406I","cmmlge0ao00009gu5yorrka3d","Neo Clasica"
"Etalon F406G","cmmlge0ao00009gu5yorrka3d","Neo Clasica"
"Etalon F406F","cmmlge0ao00009gu5yorrka3d","Neo Clasica"
"Etalon F406E","cmmlge0ao00009gu5yorrka3d","Neo Clasica"
"Etalon F406C","cmmlge0ao00009gu5yorrka3d","Neo Clasica"
"Etalon F406A","cmmlge0ao00009gu5yorrka3d","Neo Clasica"
"Etalon F405Y","cmmlge0ao00009gu5yorrka3d","Neo Clasica"
"Etalon F405H","cmmlge0ao00009gu5yorrka3d","Neo Clasica"
"Etalon F404I","cmmlge0ao00009gu5yorrka3d","Neo Clasica"
"Etalon F404G","cmmlge0ao00009gu5yorrka3d","Neo Clasica"
"Etalon F404F","cmmlge0ao00009gu5yorrka3d","Neo Clasica"
"Etalon F404E","cmmlge0ao00009gu5yorrka3d","Neo Clasica"
"Etalon F404C","cmmlge0ao00009gu5yorrka3d","Neo Clasica"
"Etalon F404A","cmmlge0ao00009gu5yorrka3d","Neo Clasica"
"Etalon F403F","cmmlge0ao00009gu5yorrka3d","Neo Clasica"
"Etalon F403E","cmmlge0ao00009gu5yorrka3d","Neo Clasica"
"Etalon F403C","cmmlge0ao00009gu5yorrka3d","Neo Clasica"
"Etalon F403A","cmmlge0ao00009gu5yorrka3d","Neo Clasica"
"Etalon F402X","cmmlge0ao00009gu5yorrka3d","Neo Clasica"
"Etalon F402I","cmmlge0ao00009gu5yorrka3d","Neo Clasica"
"Etalon F402H","cmmlge0ao00009gu5yorrka3d","Neo Clasica"
"Etalon F402G","cmmlge0ao00009gu5yorrka3d","Neo Clasica"
"Etalon F402E","cmmlge0ao00009gu5yorrka3d","Neo Clasica"
"Etalon F402C","cmmlge0ao00009gu5yorrka3d","Neo Clasica"
"Etalon F401I","cmmlge0ao00009gu5yorrka3d","Neo Clasica"
"Etalon F401H","cmmlge0ao00009gu5yorrka3d","Neo Clasica"
"Etalon F401G","cmmlge0ao00009gu5yorrka3d","Neo Clasica"
"Etalon F401F","cmmlge0ao00009gu5yorrka3d","Neo Clasica"
"Etalon F401E","cmmlge0ao00009gu5yorrka3d","Neo Clasica"
"Etalon F401C","cmmlge0ao00009gu5yorrka3d","Neo Clasica"
"Etalon F284I","cmmlge0ao00009gu5yorrka3d","Neo Clasica"
"Etalon F284G","cmmlge0ao00009gu5yorrka3d","Neo Clasica"
"Etalon F284F","cmmlge0ao00009gu5yorrka3d","Neo Clasica"
"Etalon F284E","cmmlge0ao00009gu5yorrka3d","Neo Clasica"
"Etalon F284C","cmmlge0ao00009gu5yorrka3d","Neo Clasica"
"Etalon F284A","cmmlge0ao00009gu5yorrka3d","Neo Clasica"
"Etalon F283I","cmmlge0ao00009gu5yorrka3d","Neo Clasica"
"Etalon F283G","cmmlge0ao00009gu5yorrka3d","Neo Clasica"
"Etalon F283F","cmmlge0ao00009gu5yorrka3d","Neo Clasica"
"Etalon F283E","cmmlge0ao00009gu5yorrka3d","Neo Clasica"
"Etalon F283C","cmmlge0ao00009gu5yorrka3d","Neo Clasica"
"Etalon F283A","cmmlge0ao00009gu5yorrka3d","Neo Clasica"
"Etalon F282I","cmmlge0ao00009gu5yorrka3d","Neo Clasica"
"Etalon F282G","cmmlge0ao00009gu5yorrka3d","Neo Clasica"
"Etalon F282F","cmmlge0ao00009gu5yorrka3d","Neo Clasica"
"Etalon F282C","cmmlge0ao00009gu5yorrka3d","Neo Clasica"
"Etalon F282A","cmmlge0ao00009gu5yorrka3d","Neo Clasica"
"Etalon F249G","cmmlge0ao00009gu5yorrka3d","Neo Clasica"
"Etalon F249F","cmmlge0ao00009gu5yorrka3d","Neo Clasica"
"Etalon F249E","cmmlge0ao00009gu5yorrka3d","Neo Clasica"
"Etalon F249C","cmmlge0ao00009gu5yorrka3d","Neo Clasica"
"Etalon F249A","cmmlge0ao00009gu5yorrka3d","Neo Clasica"
"Etalon F248I","cmmlge0ao00009gu5yorrka3d","Neo Clasica"
"Etalon F248G","cmmlge0ao00009gu5yorrka3d","Neo Clasica"
"Etalon F248F","cmmlge0ao00009gu5yorrka3d","Neo Clasica"
"Etalon F248E","cmmlge0ao00009gu5yorrka3d","Neo Clasica"
"Etalon F248C","cmmlge0ao00009gu5yorrka3d","Neo Clasica"
"Etalon F247H","cmmlge0ao00009gu5yorrka3d","Neo Clasica"
"Etalon F247G","cmmlge0ao00009gu5yorrka3d","Neo Clasica"
